0,1,2,3,4
64289-29501,64289-63589,64289-55050,64289-82731,64289-80546
64289-29501,64289-63589,64289-55050,64289-82731,64289-57338
64289-29501,64289-55050,64289-82731,64289-39369,64289-89628
64289-29501,64289-55050,64289-26251,64289-82731,64289-89628
64289-29501,64289-55050,64289-82731,64289-80546,64289-89628
64289-29501,64289-63589,64289-55050,64289-87467,64289-57338
64289-29501,64289-55050,64289-26251,64289-80546,64289-89628
64289-29501,64289-55050,64289-87467,64289-39369,64289-89628
64289-29501,64289-55050,64289-85672,64289-80546,64289-89628
64289-55050,64289-63589,64289-82731,64289-80546,64289-29501
64289-55050,64289-63589,64289-63043,64289-82731,64289-41936
64289-55050,64289-63589,64289-82731,64289-39369,64289-14211
64289-55050,64289-63589,64289-82731,64289-29501,64289-57338
64289-55050,64289-63589,64289-82731,64289-14211,64289-56378
64289-55050,64289-63589,64289-26251,64289-82731,64289-56378
64289-55050,64289-63589,64289-82731,64289-39369,64289-62497
64289-55050,64289-63589,64289-26251,64289-82731,64289-62497
64289-55050,64289-63589,64289-82731,64289-62497,64289-56378
64289-55050,64289-63589,64289-63043,64289-62497,64289-41936
64289-55050,64289-63589,64289-63043,64289-82731,64289-57338
64289-55050,64289-63589,64289-82731,64289-89628,64289-62497
64289-55050,64289-63589,64289-82731,64289-14211,64289-41936
64289-55050,64289-63589,64289-82731,64289-39369,64289-41936
64289-55050,64289-63589,64289-26251,64289-82731,64289-41936
64289-55050,64289-63589,64289-26251,64289-39369,64289-62497
64289-55050,64289-63589,64289-82731,64289-80546,64289-14211
64289-55050,64289-63589,64289-82731,64289-41936,64289-56378
64289-55050,64289-82731,64289-39369,64289-89628,64289-29501
64289-55050,64289-63589,64289-26251,64289-62497,64289-56378
64289-55050,64289-26251,64289-82731,64289-89628,64289-29501
64289-55050,64289-63589,64289-82731,64289-62497,64289-41936
64289-55050,64289-63589,64289-82731,64289-80546,64289-56378
64289-55050,64289-63589,64289-63043,64289-80546,64289-41936
64289-55050,64289-63589,64289-82731,64289-80546,64289-62497
64289-55050,64289-63589,64289-82731,64289-14211,64289-30403
64289-55050,64289-63589,64289-82731,64289-89628,64289-41936
64289-55050,64289-63589,64289-39369,64289-14211,64289-41936
64289-55050,64289-63589,64289-82731,64289-39369,64289-30403
64289-55050,64289-63043,64289-82731,64289-39369,64289-89628
64289-55050,64289-63589,64289-26251,64289-14211,64289-41936
64289-55050,64289-63589,64289-26251,64289-82731,64289-30403
64289-55050,64289-63589,64289-82731,64289-80546,64289-89628
64289-55050,64289-63589,64289-82731,64289-30403,64289-56378
64289-55050,64289-63589,64289-63043,64289-30403,64289-41936
64289-55050,64289-63043,64289-82731,64289-89628,64289-56378
64289-55050,64289-63589,64289-26251,64289-39369,64289-41936
64289-55050,64289-63589,64289-82731,64289-62497,64289-30403
64289-55050,64289-63043,64289-82731,64289-89628,64289-62497
64289-55050,64289-63589,64289-82731,64289-14211,64289-57338
64289-55050,64289-63589,64289-26251,64289-41936,64289-56378
64289-55050,64289-63589,64289-39369,64289-62497,64289-41936
64289-55050,64289-63589,64289-82731,64289-39369,64289-57338
64289-55050,64289-63589,64289-26251,64289-62497,64289-41936
64289-55050,64289-63589,64289-26251,64289-82731,64289-57338
64289-55050,64289-63589,64289-82731,64289-89628,64289-30403
64289-55050,64289-63589,64289-26251,64289-80546,64289-56378
64289-55050,64289-63589,64289-82731,64289-57338,64289-56378
64289-55050,64289-63589,64289-63043,64289-41936,64289-57338
64289-55050,64289-63589,64289-82731,64289-80546,64289-41936
64289-55050,64289-63589,64289-39369,64289-14211,64289-30403
64289-55050,64289-63589,64289-39369,64289-89628,64289-41936
64289-55050,64289-63589,64289-26251,64289-80546,64289-62497
64289-55050,64289-63589,64289-82731,64289-62497,64289-57338
64289-55050,64289-63589,64289-26251,64289-85672,64289-56378
64289-55050,64289-63589,64289-26251,64289-89628,64289-41936
64289-55050,64289-82731,64289-80546,64289-89628,64289-29501
64289-55050,64289-63589,64289-85672,64289-39369,64289-62497
64289-55050,64289-63589,64289-26251,64289-39369,64289-30403
64289-55050,64289-63589,64289-26251,64289-85672,64289-62497
64289-55050,64289-63589,64289-85672,64289-62497,64289-56378
64289-55050,64289-63589,64289-26251,64289-30403,64289-56378
64289-55050,64289-63589,64289-82731,64289-89628,64289-57338
64289-55050,64289-63589,64289-82731,64289-30403,64289-41936
64289-55050,64289-63589,64289-39369,64289-62497,64289-30403
64289-55050,64289-63043,64289-82731,64289-89628,64289-41936
64289-55050,64289-63589,64289-39369,64289-14211,64289-57338
64289-55050,64289-63589,64289-26251,64289-62497,64289-30403
64289-55050,64289-63589,64289-26251,64289-14211,64289-57338
64289-55050,64289-63589,64289-87467,64289-29501,64289-57338
64289-55050,64289-63589,64289-63043,64289-30403,64289-57338
64289-55050,64289-63589,64289-82731,64289-80546,64289-30403
64289-55050,64289-63589,64289-26251,64289-39369,64289-57338
64289-55050,64289-63043,64289-82731,64289-80546,64289-89628
64289-55050,64289-63589,64289-26251,64289-57338,64289-56378
64289-55050,64289-63589,64289-26251,64289-80546,64289-41936
64289-55050,64289-63589,64289-82731,64289-41936,64289-57338
64289-55050,64289-63589,64289-39369,64289-62497,64289-57338
64289-55050,64289-82731,64289-39369,64289-89628,64289-14211
64289-55050,64289-63589,64289-26251,64289-62497,64289-57338
64289-55050,64289-26251,64289-82731,64289-89628,64289-14211
64289-55050,64289-26251,64289-80546,64289-89628,64289-29501
64289-55050,64289-63589,64289-85672,64289-80546,64289-14211
64289-55050,64289-63589,64289-82731,64289-80546,64289-57338
64289-55050,64289-63043,64289-82731,64289-89628,64289-30403
64289-55050,64289-26251,64289-82731,64289-39369,64289-89628
64289-55050,64289-63589,64289-39369,64289-30403,64289-41936
64289-55050,64289-63043,64289-39369,64289-89628,64289-41936
64289-55050,64289-63589,64289-87467,64289-89628,64289-56378
64289-55050,64289-63589,64289-26251,64289-30403,64289-41936
64289-55050,64289-26251,64289-82731,64289-89628,64289-56378
64289-55050,64289-63043,64289-26251,64289-89628,64289-41936
64289-55050,64289-63589,64289-85672,64289-80546,64289-56378
64289-55050,64289-82731,64289-39369,64289-89628,64289-62497
64289-55050,64289-26251,64289-82731,64289-89628,64289-62497
64289-55050,64289-63589,64289-85672,64289-80546,64289-62497
64289-55050,64289-63589,64289-85672,64289-14211,64289-30403
64289-55050,64289-63589,64289-26251,64289-80546,64289-30403
64289-55050,64289-63589,64289-82731,64289-30403,64289-57338
64289-55050,64289-63043,64289-82731,64289-89628,64289-57338
64289-55050,64289-63043,64289-80546,64289-89628,64289-56378
64289-55050,64289-63589,64289-85672,64289-39369,64289-30403
64289-55050,64289-63589,64289-87467,64289-39369,64289-41936
64289-55050,64289-63589,64289-39369,64289-41936,64289-57338
64289-55050,64289-63589,64289-26251,64289-85672,64289-30403
64289-55050,64289-63589,64289-26251,64289-41936,64289-57338
64289-55050,64289-63043,64289-80546,64289-89628,64289-62497
64289-55050,64289-63589,64289-85672,64289-30403,64289-56378
64289-55050,64289-63589,64289-87467,64289-41936,64289-56378
64289-55050,64289-26251,64289-39369,64289-89628,64289-14211
64289-55050,64289-87467,64289-39369,64289-89628,64289-29501
64289-55050,64289-63043,64289-39369,64289-89628,64289-30403
64289-55050,64289-63589,64289-85672,64289-62497,64289-30403
64289-55050,64289-63043,64289-85672,64289-89628,64289-62497
64289-55050,64289-63589,64289-85672,64289-14211,64289-57338
64289-55050,64289-63589,64289-26251,64289-80546,64289-57338
64289-55050,64289-63589,64289-85672,64289-39369,64289-57338
64289-55050,64289-82731,64289-39369,64289-89628,64289-41936
64289-55050,64289-63589,64289-26251,64289-85672,64289-57338
64289-55050,64289-63589,64289-85672,64289-89628,64289-30403
64289-55050,64289-63589,64289-87467,64289-89628,64289-41936
64289-55050,64289-26251,64289-82731,64289-89628,64289-41936
64289-55050,64289-26251,64289-39369,64289-89628,64289-62497
64289-55050,64289-63589,64289-85672,64289-57338,64289-56378
64289-55050,64289-82731,64289-80546,64289-89628,64289-14211
64289-55050,64289-63589,64289-87467,64289-39369,64289-30403
64289-55050,64289-63589,64289-39369,64289-30403,64289-57338
64289-55050,64289-63043,64289-39369,64289-89628,64289-57338
64289-55050,64289-63589,64289-85672,64289-62497,64289-57338
64289-55050,64289-82731,64289-80546,64289-39369,64289-89628
64289-55050,64289-63589,64289-26251,64289-30403,64289-57338
64289-55050,64289-63043,64289-26251,64289-89628,64289-57338
64289-55050,64289-85672,64289-80546,64289-89628,64289-29501
64289-55050,64289-26251,64289-82731,64289-80546,64289-89628
64289-55050,64289-63589,64289-87467,64289-30403,64289-56378
64289-55050,64289-82731,64289-80546,64289-89628,64289-56378
64289-55050,64289-63043,64289-80546,64289-89628,64289-41936
64289-55050,64289-63589,64289-85672,64289-89628,64289-57338
64289-55050,64289-82731,64289-80546,64289-89628,64289-62497
64289-55050,64289-63589,64289-87467,64289-39369,64289-57338
64289-55050,64289-82731,64289-39369,64289-89628,64289-30403
64289-55050,64289-63589,64289-87467,64289-89628,64289-30403
64289-55050,64289-26251,64289-82731,64289-89628,64289-30403
64289-55050,64289-63589,64289-87467,64289-57338,64289-56378
64289-55050,64289-63589,64289-85672,64289-80546,64289-30403
64289-55050,64289-63043,64289-85672,64289-80546,64289-89628
64289-55050,64289-26251,64289-39369,64289-89628,64289-41936
64289-55050,64289-26251,64289-80546,64289-89628,64289-14211
64289-55050,64289-63043,64289-80546,64289-89628,64289-30403
64289-55050,64289-85672,64289-39369,64289-89628,64289-14211
64289-55050,64289-26251,64289-80546,64289-39369,64289-89628
64289-55050,64289-82731,64289-39369,64289-89628,64289-57338
64289-55050,64289-26251,64289-85672,64289-89628,64289-14211
64289-55050,64289-63589,64289-87467,64289-89628,64289-57338
64289-55050,64289-26251,64289-82731,64289-89628,64289-57338
64289-55050,64289-63589,64289-87467,64289-30403,64289-41936
64289-55050,64289-26251,64289-80546,64289-89628,64289-56378
64289-55050,64289-63589,64289-85672,64289-80546,64289-57338
64289-55050,64289-63043,64289-85672,64289-89628,64289-30403
64289-55050,64289-26251,64289-85672,64289-39369,64289-89628
64289-55050,64289-82731,64289-80546,64289-89628,64289-41936
64289-55050,64289-26251,64289-80546,64289-89628,64289-62497
64289-55050,64289-26251,64289-85672,64289-89628,64289-56378
64289-55050,64289-85672,64289-39369,64289-89628,64289-62497
64289-55050,64289-63043,64289-80546,64289-89628,64289-57338
64289-55050,64289-26251,64289-39369,64289-89628,64289-30403
64289-55050,64289-26251,64289-85672,64289-89628,64289-62497
64289-55050,64289-63589,64289-85672,64289-30403,64289-57338
64289-55050,64289-63589,64289-87467,64289-41936,64289-57338
64289-55050,64289-63043,64289-85672,64289-89628,64289-57338
64289-55050,64289-82731,64289-80546,64289-89628,64289-30403
64289-55050,64289-26251,64289-39369,64289-89628,64289-57338
64289-55050,64289-26251,64289-80546,64289-89628,64289-41936
64289-55050,64289-63589,64289-87467,64289-30403,64289-57338
64289-55050,64289-85672,64289-80546,64289-89628,64289-14211
64289-55050,64289-82731,64289-80546,64289-89628,64289-57338
64289-55050,64289-85672,64289-80546,64289-39369,64289-89628
64289-55050,64289-26251,64289-85672,64289-80546,64289-89628
64289-55050,64289-85672,64289-80546,64289-89628,64289-56378
64289-55050,64289-85672,64289-80546,64289-89628,64289-62497
64289-55050,64289-26251,64289-80546,64289-89628,64289-30403
64289-55050,64289-85672,64289-39369,64289-89628,64289-30403
64289-55050,64289-87467,64289-39369,64289-89628,64289-41936
64289-55050,64289-26251,64289-85672,64289-89628,64289-30403
64289-55050,64289-26251,64289-80546,64289-89628,64289-57338
64289-55050,64289-85672,64289-39369,64289-89628,64289-57338
64289-55050,64289-26251,64289-85672,64289-89628,64289-57338
64289-55050,64289-87467,64289-39369,64289-89628,64289-30403
64289-55050,64289-87467,64289-39369,64289-89628,64289-57338
64289-55050,64289-85672,64289-80546,64289-89628,64289-30403
64289-55050,64289-85672,64289-80546,64289-89628,64289-57338
64289-63043,64289-63589,64289-55050,64289-82731,64289-41936
64289-63043,64289-63589,64289-55050,64289-62497,64289-41936
64289-63043,64289-63589,64289-55050,64289-82731,64289-57338
64289-63043,64289-63589,64289-55050,64289-80546,64289-41936
64289-63043,64289-55050,64289-82731,64289-39369,64289-89628
64289-63043,64289-63589,64289-55050,64289-30403,64289-41936
64289-63043,64289-55050,64289-82731,64289-89628,64289-56378
64289-63043,64289-55050,64289-82731,64289-89628,64289-62497
64289-63043,64289-63589,64289-55050,64289-41936,64289-57338
64289-63043,64289-55050,64289-82731,64289-89628,64289-41936
64289-63043,64289-63589,64289-55050,64289-30403,64289-57338
64289-63043,64289-55050,64289-82731,64289-80546,64289-89628
64289-63043,64289-55050,64289-82731,64289-89628,64289-30403
64289-63043,64289-55050,64289-39369,64289-89628,64289-41936
64289-63043,64289-55050,64289-26251,64289-89628,64289-41936
64289-63043,64289-55050,64289-82731,64289-89628,64289-57338
64289-63043,64289-55050,64289-80546,64289-89628,64289-56378
64289-63043,64289-55050,64289-80546,64289-89628,64289-62497
64289-63043,64289-55050,64289-39369,64289-89628,64289-30403
64289-63043,64289-55050,64289-85672,64289-89628,64289-62497
64289-63043,64289-55050,64289-39369,64289-89628,64289-57338
64289-63043,64289-55050,64289-26251,64289-89628,64289-57338
64289-63043,64289-55050,64289-80546,64289-89628,64289-41936
64289-63043,64289-55050,64289-85672,64289-80546,64289-89628
64289-63043,64289-55050,64289-80546,64289-89628,64289-30403
64289-63043,64289-55050,64289-85672,64289-89628,64289-30403
64289-63043,64289-55050,64289-80546,64289-89628,64289-57338
64289-63043,64289-55050,64289-85672,64289-89628,64289-57338
64289-63589,64289-55050,64289-82731,64289-80546,64289-29501
64289-63589,64289-55050,64289-63043,64289-82731,64289-41936
64289-63589,64289-55050,64289-82731,64289-39369,64289-14211
64289-63589,64289-55050,64289-82731,64289-29501,64289-57338
64289-63589,64289-55050,64289-82731,64289-14211,64289-56378
64289-63589,64289-55050,64289-26251,64289-82731,64289-56378
64289-63589,64289-55050,64289-82731,64289-39369,64289-62497
64289-63589,64289-55050,64289-26251,64289-82731,64289-62497
64289-63589,64289-55050,64289-82731,64289-62497,64289-56378
64289-63589,64289-55050,64289-63043,64289-62497,64289-41936
64289-63589,64289-55050,64289-63043,64289-82731,64289-57338
64289-63589,64289-55050,64289-82731,64289-89628,64289-62497
64289-63589,64289-55050,64289-82731,64289-14211,64289-41936
64289-63589,64289-55050,64289-82731,64289-39369,64289-41936
64289-63589,64289-55050,64289-26251,64289-82731,64289-41936
64289-63589,64289-55050,64289-26251,64289-39369,64289-62497
64289-63589,64289-55050,64289-82731,64289-80546,64289-14211
64289-63589,64289-55050,64289-82731,64289-41936,64289-56378
64289-63589,64289-55050,64289-26251,64289-62497,64289-56378
64289-63589,64289-55050,64289-82731,64289-62497,64289-41936
64289-63589,64289-55050,64289-82731,64289-80546,64289-56378
64289-63589,64289-55050,64289-63043,64289-80546,64289-41936
64289-63589,64289-55050,64289-82731,64289-80546,64289-62497
64289-63589,64289-55050,64289-82731,64289-14211,64289-30403
64289-63589,64289-55050,64289-82731,64289-89628,64289-41936
64289-63589,64289-55050,64289-39369,64289-14211,64289-41936
64289-63589,64289-55050,64289-82731,64289-39369,64289-30403
64289-63589,64289-55050,64289-26251,64289-14211,64289-41936
64289-63589,64289-55050,64289-26251,64289-82731,64289-30403
64289-63589,64289-55050,64289-82731,64289-80546,64289-89628
64289-63589,64289-55050,64289-82731,64289-30403,64289-56378
64289-63589,64289-55050,64289-63043,64289-30403,64289-41936
64289-63589,64289-55050,64289-26251,64289-39369,64289-41936
64289-63589,64289-55050,64289-82731,64289-62497,64289-30403
64289-63589,64289-55050,64289-82731,64289-14211,64289-57338
64289-63589,64289-55050,64289-26251,64289-41936,64289-56378
64289-63589,64289-55050,64289-39369,64289-62497,64289-41936
64289-63589,64289-55050,64289-82731,64289-39369,64289-57338
64289-63589,64289-55050,64289-26251,64289-62497,64289-41936
64289-63589,64289-55050,64289-26251,64289-82731,64289-57338
64289-63589,64289-55050,64289-82731,64289-89628,64289-30403
64289-63589,64289-55050,64289-26251,64289-80546,64289-56378
64289-63589,64289-55050,64289-82731,64289-57338,64289-56378
64289-63589,64289-55050,64289-63043,64289-41936,64289-57338
64289-63589,64289-55050,64289-82731,64289-80546,64289-41936
64289-63589,64289-55050,64289-39369,64289-14211,64289-30403
64289-63589,64289-55050,64289-39369,64289-89628,64289-41936
64289-63589,64289-55050,64289-26251,64289-80546,64289-62497
64289-63589,64289-55050,64289-82731,64289-62497,64289-57338
64289-63589,64289-55050,64289-26251,64289-85672,64289-56378
64289-63589,64289-55050,64289-26251,64289-89628,64289-41936
64289-63589,64289-55050,64289-85672,64289-39369,64289-62497
64289-63589,64289-55050,64289-26251,64289-39369,64289-30403
64289-63589,64289-55050,64289-26251,64289-85672,64289-62497
64289-63589,64289-55050,64289-85672,64289-62497,64289-56378
64289-63589,64289-55050,64289-26251,64289-30403,64289-56378
64289-63589,64289-55050,64289-82731,64289-89628,64289-57338
64289-63589,64289-55050,64289-82731,64289-30403,64289-41936
64289-63589,64289-55050,64289-39369,64289-62497,64289-30403
64289-63589,64289-55050,64289-39369,64289-14211,64289-57338
64289-63589,64289-55050,64289-26251,64289-62497,64289-30403
64289-63589,64289-55050,64289-26251,64289-14211,64289-57338
64289-63589,64289-55050,64289-87467,64289-29501,64289-57338
64289-63589,64289-55050,64289-63043,64289-30403,64289-57338
64289-63589,64289-55050,64289-82731,64289-80546,64289-30403
64289-63589,64289-55050,64289-26251,64289-39369,64289-57338
64289-63589,64289-55050,64289-26251,64289-57338,64289-56378
64289-63589,64289-55050,64289-26251,64289-80546,64289-41936
64289-63589,64289-55050,64289-82731,64289-41936,64289-57338
64289-63589,64289-55050,64289-39369,64289-62497,64289-57338
64289-63589,64289-55050,64289-26251,64289-62497,64289-57338
64289-63589,64289-55050,64289-85672,64289-80546,64289-14211
64289-63589,64289-55050,64289-82731,64289-80546,64289-57338
64289-63589,64289-55050,64289-39369,64289-30403,64289-41936
64289-63589,64289-55050,64289-87467,64289-89628,64289-56378
64289-63589,64289-55050,64289-26251,64289-30403,64289-41936
64289-63589,64289-55050,64289-85672,64289-80546,64289-56378
64289-63589,64289-55050,64289-85672,64289-80546,64289-62497
64289-63589,64289-55050,64289-85672,64289-14211,64289-30403
64289-63589,64289-55050,64289-26251,64289-80546,64289-30403
64289-63589,64289-55050,64289-82731,64289-30403,64289-57338
64289-63589,64289-55050,64289-85672,64289-39369,64289-30403
64289-63589,64289-55050,64289-87467,64289-39369,64289-41936
64289-63589,64289-55050,64289-39369,64289-41936,64289-57338
64289-63589,64289-55050,64289-26251,64289-85672,64289-30403
64289-63589,64289-55050,64289-26251,64289-41936,64289-57338
64289-63589,64289-55050,64289-85672,64289-30403,64289-56378
64289-63589,64289-55050,64289-87467,64289-41936,64289-56378
64289-63589,64289-55050,64289-85672,64289-62497,64289-30403
64289-63589,64289-55050,64289-85672,64289-14211,64289-57338
64289-63589,64289-55050,64289-26251,64289-80546,64289-57338
64289-63589,64289-55050,64289-85672,64289-39369,64289-57338
64289-63589,64289-55050,64289-26251,64289-85672,64289-57338
64289-63589,64289-55050,64289-85672,64289-89628,64289-30403
64289-63589,64289-55050,64289-87467,64289-89628,64289-41936
64289-63589,64289-55050,64289-85672,64289-57338,64289-56378
64289-63589,64289-55050,64289-87467,64289-39369,64289-30403
64289-63589,64289-55050,64289-39369,64289-30403,64289-57338
64289-63589,64289-55050,64289-85672,64289-62497,64289-57338
64289-63589,64289-55050,64289-26251,64289-30403,64289-57338
64289-63589,64289-55050,64289-87467,64289-30403,64289-56378
64289-63589,64289-55050,64289-85672,64289-89628,64289-57338
64289-63589,64289-55050,64289-87467,64289-39369,64289-57338
64289-63589,64289-55050,64289-87467,64289-89628,64289-30403
64289-63589,64289-55050,64289-87467,64289-57338,64289-56378
64289-63589,64289-55050,64289-85672,64289-80546,64289-30403
64289-63589,64289-55050,64289-87467,64289-89628,64289-57338
64289-63589,64289-55050,64289-87467,64289-30403,64289-41936
64289-63589,64289-55050,64289-85672,64289-80546,64289-57338
64289-63589,64289-55050,64289-85672,64289-30403,64289-57338
64289-63589,64289-55050,64289-87467,64289-41936,64289-57338
64289-63589,64289-55050,64289-87467,64289-30403,64289-57338
